{"world":{"lng0":-50.0517171,"lat1":-18.3083922,"lng1":-32.9683829,"lat0":-29.7250595,"width":410,"height":274,"dLng":0.041666668780487796,"dLat":0.04166666897810219},"min":-1.319,"max":0.542,"metadata":{"noDataValue":-99}}