{"world":{"lng0":-48.8581905,"lat1":-26.0348053,"lng1":-48.3748151,"lat0":-26.5087355,"width":262,"height":256,"dLng":0.0018449442748091599,"dLat":0.0018512898437500064},"min":18.465,"max":23.169,"metadata":{"noDataValue":-9900000000000000}}