{"world":{"lng0":-102.0416667,"lat1":-51.9583333,"lng1":-52.9583333,"lat0":-75.0416667,"width":589,"height":277,"dLng":0.08333333344651951,"dLat":0.0833333335740072},"min":28.111,"max":34.289,"metadata":{"noDataValue":-32767}}