{"world":{"lng0":-48.7896786,"lat1":-25.2044811,"lng1":-48.072677,"lat0":-25.7039404,"width":646,"height":450,"dLng":0.0011099095975232248,"dLat":0.001109909555555559},"min":-0.975,"max":1.413,"metadata":{"noDataValue":-99}}