{"world":{"lng0":-48.8581905,"lat1":-26.0348053,"lng1":-48.3740024,"lat0":-26.5079052,"width":262,"height":256,"dLng":0.0018480461832060962,"dLat":0.0018480464843750044},"min":0,"max":1.315,"metadata":{}}